{"cameraMode":{"drawMode":0,"name":"Shaded","section":"Shading Mode"},"sceneLighting":false,"audioPlay":false,"sceneViewState":{"showFog":true,"showMaterialUpdate":false,"showSkybox":false,"showFlares":true,"showImageEffects":true,"showParticleSystems":true},"in2DMode":false,"pivot":{"x":10.960000038146973,"y":-1.5838603973388672,"z":0.15000009536743165},"rotation":{"x":-0.18692471086978913,"y":0.717416524887085,"z":-0.21042659878730775,"w":-0.6372933983802795},"size":3.8178069591522219,"orthographic":false}