{"cameraMode":{"drawMode":0,"name":"Shaded","section":"Shading Mode"},"sceneLighting":false,"audioPlay":false,"sceneViewState":{"showFog":true,"showMaterialUpdate":false,"showSkybox":false,"showFlares":true,"showImageEffects":true,"showParticleSystems":true},"in2DMode":false,"pivot":{"x":-5.85637092590332,"y":-9.783113479614258,"z":0.46225613355636599},"rotation":{"x":0.1757318526506424,"y":0.3317296504974365,"z":-0.06311408430337906,"w":0.9247987866401672},"size":0.32886749505996706,"orthographic":false}