{"cameraMode":{"drawMode":0,"name":"Shaded","section":"Shading Mode"},"sceneLighting":false,"audioPlay":false,"sceneViewState":{"showFog":true,"showMaterialUpdate":false,"showSkybox":true,"showFlares":true,"showImageEffects":true,"showParticleSystems":true},"in2DMode":false,"pivot":{"x":2.0179829597473146,"y":-1.6221367120742798,"z":-0.41526854038238528},"rotation":{"x":0.004705547820776701,"y":-0.8151800632476807,"z":0.011770684272050858,"w":0.5794839859008789},"size":13.175017356872559,"orthographic":false}