{"cameraMode":{"drawMode":0,"name":"Shaded","section":"Shading Mode"},"sceneLighting":false,"audioPlay":false,"sceneViewState":{"showFog":true,"showMaterialUpdate":false,"showSkybox":true,"showFlares":true,"showImageEffects":true,"showParticleSystems":true},"in2DMode":false,"pivot":{"x":7.2162675857543949,"y":-17.988435745239259,"z":10.07475471496582},"rotation":{"x":0.18268586695194245,"y":-0.6315763592720032,"z":0.15620385110378266,"w":0.737269937992096},"size":24.29914093017578,"orthographic":false}